slug,source_file,license,page
ikco,Iran Khodro symbol.svg,CC BY-SA 4.0,https://commons.wikimedia.org/wiki/File:Iran_Khodro_symbol.svg
saipa,Saipa Logo.png,Public domain,https://commons.wikimedia.org/wiki/File:Saipa_Logo.png
citroen,Logo-citroen-1919.png,Public domain,https://commons.wikimedia.org/wiki/File:Logo-citroen-1919.png
changan,Changan icon.svg,CC BY-SA 4.0,https://commons.wikimedia.org/wiki/File:Changan_icon.svg
besturn,Bestune logo.jpg,CC BY-SA 4.0,https://commons.wikimedia.org/wiki/File:Bestune_logo.jpg
bahman,Bahman Group Logo.png,CC BY-SA 4.0,https://commons.wikimedia.org/wiki/File:Bahman_Group_Logo.png
geely,Geely Auto 2023.svg,Public domain,https://commons.wikimedia.org/wiki/File:Geely_Auto_2023.svg
mg,Mg logo.svg,Public domain,https://commons.wikimedia.org/wiki/File:Mg_logo.svg
jetour,Jetour logo.svg,Public domain,https://commons.wikimedia.org/wiki/File:Jetour_logo.svg
toyota,Registered trademark img 06.png,Public domain,https://commons.wikimedia.org/wiki/File:Registered_trademark_img_06.png
mitsubishi,Mitsubishi motors new logo.svg,Public domain,https://commons.wikimedia.org/wiki/File:Mitsubishi_motors_new_logo.svg
suzuki,Suzuki logo 2025.svg,Public domain,https://commons.wikimedia.org/wiki/File:Suzuki_logo_2025.svg
subaru,Subaru logo (transparent).svg,Public domain,https://commons.wikimedia.org/wiki/File:Subaru_logo_(transparent).svg
hyundai,Hyundai Motor Company logo.svg,Public domain,https://commons.wikimedia.org/wiki/File:Hyundai_Motor_Company_logo.svg
kia,KIA logo3.svg,Public domain,https://commons.wikimedia.org/wiki/File:KIA_logo3.svg
ssangyong,KG Mobility brand logo.svg,Public domain,https://commons.wikimedia.org/wiki/File:KG_Mobility_brand_logo.svg
bmw,BMW logo (gray).svg,Public domain,https://commons.wikimedia.org/wiki/File:BMW_logo_(gray).svg
vw,Volkswagen logo 2019.svg,Public domain,https://commons.wikimedia.org/wiki/File:Volkswagen_logo_2019.svg
audi,Audi-Logo 2016.svg,Public domain,https://commons.wikimedia.org/wiki/File:Audi-Logo_2016.svg
porsche,Porsche Schriftzug.svg,Public domain,https://commons.wikimedia.org/wiki/File:Porsche_Schriftzug.svg
mini,MINI logo.svg,Public domain,https://commons.wikimedia.org/wiki/File:MINI_logo.svg
volvo,Volvo Trucks Logo.png,Public domain,https://commons.wikimedia.org/wiki/File:Volvo_Trucks_Logo.png
landrover,Land Rover 2023.svg,Public domain,https://commons.wikimedia.org/wiki/File:Land_Rover_2023.svg
brilliance,Brilliance Auto logo.svg,Public domain,https://commons.wikimedia.org/wiki/File:Brilliance_Auto_logo.svg
haval,Haval 2023 logo.svg,Public domain,https://commons.wikimedia.org/wiki/File:Haval_2023_logo.svg
haima,Haima Automobile logo.png,Fair use (trademark),https://en.wikipedia.org/wiki/File:Haima_Automobile_logo.png
jac,JAC Motors logo.svg,Fair use (trademark),https://en.wikipedia.org/wiki/File:JAC_Motors_logo.svg
gac,GAC Group Logo.png,Fair use (trademark),https://en.wikipedia.org/wiki/File:GAC_Group_Logo.png
skywell,SkyWelllogo.png,CC BY-SA 4.0,https://commons.wikimedia.org/wiki/File:SkyWelllogo.png
mvm / modiran,LOGO MVMmeGold1.png,Official site (trademark),https://mvm.ir
kermanmotor,kmc-logo.png,Official site (trademark),https://www.kermanmotor.ir
kmc,sidebar-logo2.png,Official site (trademark),https://kermanmotor.com
parskhodro,Logo.png (emblem cropped),Official site (trademark),https://www.parskhodro.ir
zamyad,Zamyad.jpg,Fair use (trademark),https://fa.wikipedia.org/wiki/پرونده:Zamyad.jpg
peugeot,Peugeot-Lion-20250628.jpg (background removed),CC BY 4.0 (Olovni),https://commons.wikimedia.org/wiki/File:Peugeot-Lion-20250628.jpg
mercedes,Mercedes-Benz Star 2022.svg,Public domain,https://commons.wikimedia.org/wiki/File:Mercedes-Benz_Star_2022.svg
nissan,Nissan 2020 logo.svg,Public domain,https://commons.wikimedia.org/wiki/File:Nissan_2020_logo.svg
renault,Renault 2021.svg,Public domain,https://commons.wikimedia.org/wiki/File:Renault_2021.svg
honda,Honda auto logo.svg,Public domain,https://commons.wikimedia.org/wiki/File:Honda_auto_logo.svg
mazda,"Mazda logo with emblem, new.svg",Public domain,"https://commons.wikimedia.org/wiki/File:Mazda_logo_with_emblem,_new.svg"
lexus,Lexus Logo.svg,Public domain,https://commons.wikimedia.org/wiki/File:Lexus_Logo.svg
dongfeng,Dongfeng Motor logo.svg,Public domain,https://commons.wikimedia.org/wiki/File:Dongfeng_Motor_logo.svg
greatwall,GWM 2025 logo.svg,Public domain,https://commons.wikimedia.org/wiki/File:GWM_2025_logo.svg
chery,Chery logo.svg,Public domain,https://commons.wikimedia.org/wiki/File:Chery_logo.svg
byd,BYD Auto Logo.svg,Public domain,https://commons.wikimedia.org/wiki/File:BYD_Auto_Logo.svg
baic,BAIC logo (2024).png,Public domain,https://commons.wikimedia.org/wiki/File:BAIC_logo_(2024).png
exeed,Exeed logo.png,Public domain,https://commons.wikimedia.org/wiki/File:Exeed_logo.png
isuzu,Isuzu.svg,Public domain,https://commons.wikimedia.org/wiki/File:Isuzu.svg
farda,FARDA-.02.png (also used for FMC),Fair use (trademark),https://fa.wikipedia.org/wiki/پرونده:FARDA-.02.png
lucano,lucano.webp,Official site (trademark),https://lucano.ir
daewoo,daewoo-logo.png,Trademark (carlogos.org),https://www.carlogos.org/car-logos/daewoo-logo.png
hongqi,hongqi-logo.png,Trademark (carlogos.org),https://www.carlogos.org/car-logos/hongqi-logo.png
kaiyi,kaiyi-logo.png,Trademark (carlogos.org),https://www.carlogos.org/car-logos/kaiyi-logo.png
landwind,landwind-logo.png,Trademark (carlogos.org),https://www.carlogos.org/car-logos/landwind-logo.png
lifan,lifan-logo.png,Trademark (carlogos.org),https://www.carlogos.org/car-logos/lifan-logo.png
zotye,zotye-logo.png,Trademark (carlogos.org),https://www.carlogos.org/car-logos/zotye-logo.png
